Original Cell types,Marker Genes,Somamers
Adipocytes,"TNMD, SEMA3G, SLC9A3R2, NRP1, MEOX2, KIF25, TCF15, F2RL3, CD36, PML, ADAMTS18, TIMP4, CD300LG, RBP7, INHBB, BTNL9, CD320, ATOH8, FABP4, OR10V1, FAM241A, APOLD1, CLDN5, NOTCH4, SPAAR, C1QTNF9, SHANK3, GPIHBP1","TNMD.6578.29, SEMA3G.5628.21, NRP1.5542.22, MEOX2.23039.56, CD36.2973.15, PML.25270.3, TIMP4.6462.12, CD300LG.20585.9, RBP7.14208.3, INHBB.16746.12, BTNL9.7950.142, CD320.16320.139, FABP4.9851.9, FAM241A.9490.3, C1QTNF9.6019.12, SHANK3.13242.134"
Alveolar cells type 1,"ITGA3, GPRC5A, CEACAM6, UNC13D, CAV2, DVL1, SPOCK2, CDR2L, PLXNA1, MATN3, POGK, WNT3A, ALPP, MS4A15, BCL9L, AGER, EMP2, GGTLC3","UNC13D.24942.22, CAV2.9457.3, SPOCK2.5491.12, PLXNA1.9005.16, MATN3.3208.2, WNT3A.13236.25, ALPP.7813.6, AGER.4125.52"
Alveolar cells type 2,"CACNA2D2, ROS1, LAMP3, PXMP4, CTSH, ICAM4, SLC46A2, SFTPA1, NAPSA, SFTPD, MBIP, C16orf89, SLC34A2, ALPL, ABCA3, SFTPC, WFDC12, SFTPB, DEFB4B, ALOX15B, AGTR2, SFTPA2, LRRK2, SLC22A31, ENSG00000282218, ENSG00000286135","ROS1.9032.30, CTSH.8644.46, ICAM4.9461.2, SFTPD.4414.69, ALPL.16926.44, SFTPB.10672.75, ALOX15B.12422.143, LRRK2.10990.21"
Astrocytes,"PHF21B, BORCS8-MEF2B, CTNNA2, PHKA1, FGFR3, EVC, ANO8, SLC1A3, CARMIL1, SLC4A4, COL5A3, TRPM3, PRODH, MLC1, PAPLN, ACSBG1, EYA1, TRPS1, RASA4, GLI3, GLIS3, LGI1, KAT2A, SLC1A2, ACSS3, RFX4, PARD3B, DOCK7, TAS2R7, PLCG1, ATP13A4, MACF1, NCAN, PNPLA7, SLC7A10, GFAP, SLC6A11, IQCA1, MEIS2, RERG, DTNA, APC, NHSL1, ARHGEF4, MMD2, BMPR1B, SLCO1C1, NPFF, STON2, SLC14A1, PRDM16, ITPKB, SFXN5, GASK1A, LRIG1, PSD2, RGS20, SLC39A12, CAMK2G, PAMR1, GPM6A, SLC7A11, GABRA2, ADGRA3, KCTD15, PITPNC1, TNIK, GRAMD2B, GNA14, GAREM2, CACHD1, GRIN2C, SLC9C2, ACP6, GABRG1, ETNPPL, RANBP3L, ADGRV1, PLEKHA7, ANKDD1A, NTSR2, DCLK2, BCL2, KNDC1, FUT9, HPSE2, ZHX3, ACBD7, GPC5, RNF182, OR6T1, FAM181B, HHIPL1, B4GALNT4, SLC25A18, ZNRF3, POU3F2, TPCN1, DCHS2, OR6C74, RYR3, GABBR1, PIRT, MEIKIN, REELD1, TRIL, OR9A4, SPON1, NBPF19, GRIFIN, PRICKLE4, NOTCH2NLB","CTNNA2.9872.23, PHKA1.25088.42, FGFR3.3809.1, PAPLN.11254.13, KAT2A.19797.4, ACSS3.23692.19, PLCG1.4563.61, NCAN.15573.110, GFAP.3034.1, MEIS2.23568.41, RERG.17822.57, DTNA.25087.11, BMPR1B.10550.37, NPFF.5617.41, SLC14A1.13430.50, SFXN5.13729.26, LRIG1.18831.6, PSD2.9118.7, KCTD15.23263.9, GRAMD2B.25086.83, ACP6.5742.14, PLEKHA7.12731.12, BCL2.3412.7, FUT9.6991.24, ZHX3.10036.201, ACBD7.13563.259, GPC5.4991.12, SLC25A18.5280.68, ZNRF3.14122.132, GABBR1.11279.42, TRIL.6527.1, SPON1.5496.49"
B-cells,"CD79B, P2RX5, CD37, FCER2, CR2, LY9, NPBWR2, CD70, VPREB3, FCRLA, BLK, CD72, BANK1, MS4A1, TNFRSF13C, CXCR5, MATN1, FCMR, FCRL4, FCRL1, SERPINA9, PARP15, TLR10, CD19, BTLA, LCN10, CNR2, PAX5, ZNF860, RCSD1, OR2T5, LCN8, LTB, GH1, ENSG00000279073","CD79B.6351.55, CD37.18202.22, FCER2.3291.30, CR2.15570.99, LY9.3324.51, CD70.8762.38, FCRLA.24975.3, BLK.11338.49, CD72.7009.8, TNFRSF13C.5383.14, FCMR.6574.11, FCRL4.8991.115, FCRL1.5728.60, SERPINA9.7266.4, TLR10.20563.48, BTLA.16308.14, LCN10.13007.66, RCSD1.23620.16, LCN8.5643.2, GH1.8462.18"
Basal keratinocytes,"COL17A1, IFNK, OR2AP1, KRT14, SERPINB2, KRTAP9-4","KRT14.22482.87, SERPINB2.21676.17"
Basal respiratory cells,"SLC38A5, PTHLH, CCL20, PI3, KRT17, IL36G, MMP13, LOXL4, SERPINB7, MMP10, ANGPTL4, DEFB4A, MRGPRX4, MRGPRX3, NMB, SERPINB4, SAA2-SAA4","PTHLH.2962.50, CCL20.2468.62, PI3.4982.54, KRT17.12923.51, IL36G.9117.4, MMP13.4925.54, MMP10.8479.4, ANGPTL4.3796.79, DEFB4A.13397.88, NMB.9321.400, SERPINB4.15444.45"
Basal squamous epithelial cells,"GPR50, HOXA2, HOXA5, TP53AIP1, TSLP, NPPC, KRT15, OR13D1, FOXD4L4, H3C14, OR2AE1, CDK3, ENSG00000254706, ENSG00000254979, ENSG00000256500, ENSG00000260170, ENSG00000267179, ENSG00000268083, ENSG00000280778, ENSG00000285085","HOXA5.22376.95, TSLP.3010.53, NPPC.20430.8"
Bipolar cells,"CACNA1G, CAMK2B, ASIC4, TAB1, VSX1, NTSR1, LHX3, GABRR2, GRM6, CRHR1, TAF1L, NEUROD4, KIRREL2, GNG13, LRFN1, CLN6, AANAT, KCNA5, EFR3A, TRPM1, SHF, SLC24A4, LRTM1, GABRR1, PRDM8, PLXDC1, MSLNL, SLC1A7, OR2M5, RCOR2, CABP2, KCNG4, HR, MFSD4A, OR52E2, OR2T33, SLC25A22, OR56B4, OR13F1, BSPH1, NYX, PRRT1, PCDHA8, KRTAP5-1, CEACAM16, LACTBL1, LINGO3, OR6X1, TRNP1, ENSG00000258465, ENSG00000269533, OR52E1, GPR179, OR2L8","CAMK2B.3351.1, ASIC4.6951.26, VSX1.24456.3, KIRREL2.7958.15, LRFN1.7910.41, LRTM1.9368.64, PLXDC1.9235.3, CABP2.24690.1, KCNG4.13525.17, CEACAM16.24299.1, LINGO3.10827.67"
Breast glandular cells,"BTN1A1, OTOR, CSN1S1, CSN2, ANKRD30A, CXCL13, XDH, IL22RA2, LALBA, CSN3, CST9, CIDEA, C6orf15, SPINK8, FAM240A","BTN1A1.21674.132, OTOR.15432.1, CSN2.16587.1, CXCL13.3487.32, XDH.11264.33, IL22RA2.9456.34, SPINK8.7962.11"
Cardiomyocytes,"NDUFAB1, MDH1, NDUFS1, MIPEP, MYOM2, MAP4, USP28, USP13, CS, BTBD1, POU1F1, IARS2, PTPN3, TIMM21, NMRK2, TOP2B, ACTN2, NEBL, DDX1, NFE2L1, MTIF2, TBX5, ZNF302, MAP3K20, SMPX, MYH7, MYOM1, MYL12A, HTATSF1, SGCG, ZNF629, ZNF106, MYL7, ACBD5, MYL2, GLP1R, HSPA9, SMYD1, TRAK2, MFN2, UCHL5, TNNT2, GHRH, CASQ2, CCND2, DNMT3A, KCNIP2, GOT1, TARDBP, POPDC2, GJA3, FABP3, LDB3, RAB9B, KLHL31, GOT2, CSRP3, KIF1C, TNNI3, PRRG3, NALF2, HRC, ATP5IF1, CKMT2, COQ3, NES, SLC41A1, MYBPC3, COQ10A, TAAR5, NIBAN1, GCOM1, HADHB, TPM1, MYLK3, GOLGA4, CORIN, PAM, NIPSNAP2, ITGB1BP2, ANKRD1, SLC25A4, ATP5F1A, GPD1L, ATP5PF, TTN, UQCRB, COX6A2, MRAS, ACTC1, MYL3, COX7A1, PRKAA2, NEXN, XIRP2, PDLIM5, CCDC141, PPM1K, SLMAP, FBXO40, CMYA5, CFL2, SYNPO2L, RBPMS2, GREM1, OR8J3, ATP5PD, PDHB, ATP5ME, TMEM182, OR10A3, LMOD2, PKIA, ETFDH, SYNPO, MYOZ2, PDE3A, HSPB7, ATP5MK, SLC25A30, ATP2A2, NPPA, OR10P1, PTPN11, SLC2A4, SYNM, NKX2-5, DHRS7C, C14orf180, NDUFA12, NDUFA6, SRL, FSD2, SBK2, FITM2, OR6Y1, MYH6, MYL4, PLN, RYR2, MT-ND6, MT-CO2, MT-ND5, ALPK2, LRRC10, OPA1, STYXL2, NTMT2, OR6K3, RBM20, OR6C68, TECRL, RAB12, MT-ND4L, LINGO4, SMCO1, MYBPHL, MT-ATP8, UQCRHL, TAAR9, MRPL33, ENSG00000254692, ENSG00000262660, MYZAP, PTGES3L, ENSG00000270299, SNURF","MDH1.3853.56, MYOM2.13534.20, USP28.19562.8, CS.18309.18, TIMM21.9058.1, NMRK2.20998.19, ACTN2.9844.138, DDX1.25092.32, NFE2L1.11154.3, TBX5.11202.70, MYL12A.19373.3, MYL7.19296.51, GLP1R.20581.42, HSPA9.13492.44, UCHL5.17405.2, TNNT2.5315.22, GHRH.9487.60, CASQ2.19291.2, GOT1.4912.17, TARDBP.12046.51, FABP3.5437.63, GOT2.23903.3, CSRP3.9171.11, KIF1C.9899.28, TNNI3.5930.54, HRC.6584.1, ATP5IF1.19755.38, CKMT2.18197.97, MYBPC3.21579.35, COQ10A.21457.141, TPM1.5033.27, PAM.5620.13, ITGB1BP2.21985.61, ANKRD1.15361.37, GPD1L.12420.10, ATP5PF.7788.1, TTN.11352.42, UQCRB.12957.62, COX6A2.10535.25, MRAS.18297.8, MYL3.18376.19, COX7A1.8390.25, PDLIM5.23703.8, SLMAP.7191.32, CFL2.15339.32, RBPMS2.23300.3, GREM1.18878.15, PDHB.22526.81, PDE3A.5254.69, NPPA.5443.62, PTPN11.3397.7, SRL.10940.25, MYL4.20107.11, SMCO1.22779.75, MRPL33.13453.2, MYZAP.9964.10"
Cholangiocytes,"CASR, MUC5B, UGT2B28, CHST4, FGFR4, CYP3A7, FGF19, OR51I1, TM4SF4, OR10K1, ENSG00000173867, ALKAL1, CYP3A7-CYP3A51P, ENSG00000283886","CHST4.18876.77, FGFR4.4988.49, FGF19.2762.30"
Ciliated cells,"WDR54, ALDH3B1, DLEC1, LRRC23, DNAH5, TP73, RABL2B, RAB36, IFT27, SPEF1, ODAD1, CAPS, RSPH4A, GRIN3B, CCDC170, C20orf85, FOXJ1, PLPPR3, FBXW9, STOML3, DYDC2, LCA5, AK7, CCDC40, CFAP74, RABL2A, CETN2, C2orf50, CAPSL, DYNLT5, CIBAR2, CFAP70, HYDIN, CFAP251, DZIP1L, CATIP, CCDC17, RSPH1, CFAP157, CCDC78, CDS1, C7orf57, CFAP52, C22orf15, OR1M1, DNAI2, FAM174A, CHRNA9, DNAH12, CD164L2, C11orf16, CTXN1, FAM216B, MAPK15, HOATZ, C1QTNF8, CCDC190, TMEM212, CFAP73, FAM183A, CDHR4, PLEKHG7, LRRC74B, DYNLT4, SNTN, ANKDD1B, KIF19, NEK5, KCNRG, ECT2L, LDLRAD1, LRRC10B, TMEM231, PSENEN, ANKUB1, FAM166B, DCDC2B, PRR29, CROCC2, ANKRD66, STMND1, CCDC153, GAS2L2, CFAP97D2","ALDH3B1.12940.35, SPEF1.12876.39, CAPS.21143.10, CETN2.13078.3, CAPSL.13688.2, CATIP.25242.12, C22orf15.7073.69, FAM174A.6597.24, CD164L2.6915.2, SNTN.21009.28, KCNRG.23336.2, PSENEN.23624.34"
Club cells,"UPK1A, UPK2, SCGB1A1, SCGB3A1, CYP2A13, LY6L",SCGB3A1.6252.62
Collecting duct cells,"SLC6A12, NPHS2, SSC4D, FXYD4, KCNJ16, CLDN8, WNT9B, PTGER1, CDH16, AQP2, SOST, DEFB132, HMX2, POU3F4, ZNF772","SOST.5729.27, DEFB132.9022.49, HMX2.22469.103"
Cone photoreceptor cells,"PLEKHB1, AQR, CC2D2A, KIF2A, GPATCH1, CHRNA3, PDE6C, MCF2, OPN1LW, RS1, CALB1, P3H3, GNB3, GUCA1B, GRK7, CEP104, ARR3, OPN1SW, RTBDN, REEP2, GNAT2, MAPKBP1, GUCA1C, PDE6H, RXRG, GUK1, CNGA3, RABL3, GABRA6, RAB41, PSKH2, WDR31, GJD2, ISL2, ANKRD33B, CPLX4, GNGT2, KCNV2, FOXD4, CNGB3, OR10A2, NPTX1, MAP6, CLSTN1, NXNL1, GPR151, MTX3, OR2AJ1, H2AC25, TAFA3, OR6A2, MESP2, OR2L3, RD3, NME1, OPN1MW, OR2AG1, ENSG00000283536, ENSG00000288593","PLEKHB1.24695.8, RS1.6497.10, CALB1.9918.23, GUCA1B.22401.26, REEP2.23305.38, PDE6H.20393.10, GUK1.17325.10, RABL3.23312.16, GJD2.11678.105, GNGT2.10917.40, NPTX1.9256.78, CLSTN1.15521.4, TAFA3.7839.99, NME1.5909.51"
Distal enterocytes,"CEACAM7, MS4A12, SIRT6, CEACAM1, FXYD3, SLC26A3, AQP8, ETHE1, SIAE, CLCN2, TSPAN1, PIGZ, TMEM54, GIPC1, TRPM4, SQOR, GCNT3, SELENBP1, DENND2A, MIER3, SLC26A2, B3GNT7, PLCD3, PIGR, ALPG, SCNN1B, LETM1, HSD11B2, ZNF575, KRTAP13-2, TCHHL1, OR6C76, NOXO1, CD177, MUC12, DDAH2, TAF11L12, ENSG00000257184","CEACAM7.7184.13, SIRT6.21833.6, ETHE1.3847.56, SIAE.9263.57, GIPC1.22970.8, SELENBP1.25076.2, PLCD3.25949.3, PIGR.3216.2, ALPG.6715.63, CD177.13116.25"
Distal tubular cells,"PTGER3, SLC12A1, FOLR3, CLDN16, GRB14, ATP6V1B1, WNK4, GNG5B, CRIP3, ATP6V0D2, ATP6V1G3, KCNJ1, DEFB1, TMEM52B, FRMD7, DMRT2, SRARP, HELT, TMEM207, CLEC6A, TMEM213, FRG2B, TDGF1, FXYD6-FXYD2, URGCP-MRPS24","FOLR3.5624.66, GRB14.13628.58, DEFB1.6629.3, TMEM52B.9778.45, CLEC6A.6911.103, TDGF1.5810.25"
Ductal cells,"CFTR, RTP4, SLC39A1, NEURL3, KRTAP1-1","CFTR.7717.95, RTP4.18315.38"
Endothelial cells,"SELE, OIT3, ESM1, LCN6, CCL23, CCL14","SELE.3470.1, OIT3.6296.36, ESM1.3805.16, CCL23.3028.36, CCL14.2900.53"
Enteroendocrine cells,"SYT13, SLC18A1, SCT, CYP2W1, SCGN, MLN, CHGA, PCSK1N, NEUROG3, TPH1, PYY, NTS, SST, GIP, LRRC53, NEUROD1, FEV, CRYBA2, SLC38A11, HOXD12, INSL5, RXFP4, INSM1, PCSK1, LCN15, UCN3, RPRML, RFX6, AVPR1B, KRTAP3-3, LY6G6F-LY6G6D, GPR142","SYT13.21132.9, SCT.3728.52, SCGN.15305.7, MLN.5631.83, CHGA.8476.11, PCSK1N.9391.60, NEUROG3.25938.13, TPH1.21521.17, PYY.3727.35, NTS.7857.22, SST.5957.30, GIP.5755.29, FEV.12740.55, CRYBA2.23354.12, INSL5.10462.14, PCSK1.13388.57, UCN3.10756.34, GPR142.12766.33"
Erythroid cells,"SLC4A1, MPO, TSPAN17, FECH, CPOX, ORC1, HBQ1, BLVRB, GATA1, CLC, KLF1, MINPP1, RFC5, RHAG, TSPO2, MYB, NFE2, UROD, E2F8, CA1, CMPK2, ABCB10, GYPC, NUSAP1, DNA2, LBR, MS4A3, ALAS2, ANKLE1, SPC24, CCNF, TAL1, TRIM58, SPTA1, PCLAF, EPB42, DHRS13, PRDX2, FAM178B, AHSP, GYPA, CYTL1, SLC25A21, BOLA2, TANGO2, FOXD4L1, PRSS57, RHD, EPOR, C17orf99, HBA2, RHCE, UROS, PRTN3, GYPE, CR1L, KEL, TFDP1, OR10Z1, IFIT1B, OR13C3, TRIM10, EIF3CL, MFSD2B, HBA1, HBM, TRAV10, HBD, DYTN, SLFN14, HBB, ENSG00000248751, GYPB, TAS2R43, HMBS, ENSG00000259371, ENSG00000284931, OOSP4A, ASDURF, ENSG00000288053, ENSG00000288635","MPO.2580.83, CPOX.18241.18, HBQ1.7965.25, BLVRB.17148.7, CLC.11094.104, MINPP1.5586.66, MYB.11618.83, UROD.19289.29, CA1.4969.2, PCLAF.19158.1, AHSP.9025.5, CYTL1.8402.22, BOLA2.8404.102, PRSS57.8351.17, EPOR.2715.25, UROS.11248.43, PRTN3.3514.49, KEL.7070.25, HBD.6992.67, DYTN.22124.94, HBB.17137.160, HMBS.11530.37"
Excitatory neurons,"SLC6A7, BMAL2, CELF2, R3HDM1, FSTL4, CAMK2A, CADPS2, KCNH4, HTR2A, KCNN1, PDE4C, SH3GL2, ASIC2, FBXW7, CUX2, PHACTR1, PDE4D, UNC5A, EPHA4, SLC8A2, OLFM3, SATB2, HS3ST2, CHN1, ANO3, TMEM241, KCTD1, KCNH3, FGF5, PPP3CA, PRICKLE1, KCNH5, CBLN2, KCNH1, STXBP5L, ADAMTS16, CDH22, CNKSR2, MKX, MCHR2, HOMER1, NRGN, NRG1, CLSTN2, KALRN, COL26A1, GRM2, NDST3, NEUROD6, BMPER, KCNV1, OR1Q1, GABRB3, PRKCB, LDB2, COL24A1, GAP43, NWD2, GLIS1, CREG2, TCERG1L, OR2T8, ADAMTSL1, HTR1F, C3orf80, OR52N4, C4orf50, ZNF804B, KCNK4, FREM3, SLC35F3, EFNA5, NELL2, RALYL, SV2B, KCNQ5, CALHM1, MRTFB, OR9Q1, SLIT1, OR14I1, CPNE4, CRACDL, OR1J2, BTNL2, FXYD7, ANKRD63","CELF2.7245.2, FSTL4.9350.3, CAMK2A.3350.53, CADPS2.25099.4, HTR2A.13556.28, KCNN1.13539.131, PDE4C.20221.26, SH3GL2.20139.57, PDE4D.5255.22, UNC5A.7975.97, EPHA4.7190.50, OLFM3.11143.32, SATB2.10081.17, CHN1.22430.15, KCTD1.23308.31, FGF5.3065.65, CBLN2.21887.2, MKX.22503.24, HOMER1.22980.37, NRGN.18303.39, NRG1.9178.30, CLSTN2.18882.7, BMPER.3654.27, PRKCB.5475.10, LDB2.22491.10, GAP43.15325.14, ADAMTSL1.6575.79, EFNA5.2615.60, NELL2.6022.57, RALYL.22545.20, SLIT1.15634.139"
Exocrine glandular cells,"CPA1, OLFM4, REG1A, FBXO2, CPA4, CLPS, CUZD1, CELA1, CTRL, CELA2A, CELA3A, REG3G, CPB1, CPA2, CTRC, SPINK1, HTR3A, CTRB1, CTRB2, PLA2G1B, REG3A, REG1B, PNLIP, SYCN, PDIA2, PNLIPRP1, CLPSL1, PRSS1, CELA2B, CELA3B, PGA4, AMY2A, PGA5, PRSS2","CPA1.23981.172, OLFM4.4769.10, REG1A.13095.51, CPA4.9267.2, CLPS.5749.53, CUZD1.7943.16, CELA1.6107.3, CTRL.9229.9, CELA2A.7140.1, REG3G.9352.86, CPB1.6356.3, CPA2.9276.7, CTRC.5626.20, SPINK1.8243.55, CTRB1.5671.1, CTRB2.5648.28, PLA2G1B.4910.21, REG3A.9277.16, REG1B.5693.6, PNLIP.15613.16, PNLIPRP1.6627.25, CLPSL1.9526.3, PRSS1.3049.61, CELA3B.6357.83, PGA4.22572.19, AMY2A.18917.53, PRSS2.5034.79"
Fibroblasts,"MYOC, LHX5, SRPX, CCN4, ANGPTL2, MMP27, KERA, FGF7, COL6A2, CTSK, SFRP2, GPC3, GSN, FCN2, COL6A3, FNDC1, CTHRC1, VEGFD, CLEC1B, MFAP4, HTRA3, CCL11, KRTAP13-4, APOD, FGF16, FAM180B, MAP1LC3C, COL6A6","MYOC.16558.2, CCN4.3057.55, KERA.10758.2, FGF7.4487.1, COL6A2.16753.46, CTSK.9443.137, SFRP2.7751.121, GPC3.4842.62, GSN.4775.34, FCN2.3313.21, COL6A3.11196.31, CTHRC1.6236.51, VEGFD.14705.1, CLEC1B.4332.6, MFAP4.5636.10, CCL11.5301.7, APOD.8262.20, FGF16.4393.3"
Gastric mucus-secreting cells,"OSBPL7, SRCAP, SLC9A1, PGC, VSIG1, MLNR, SLC5A5, ATP4A, ANXA10, A4GNT, SRMS, CBLIF, DDX60, TAAR1, GPR119, GHRL, KCNE2, TFF2, TFF1, CCKAR, MST1R, RASEF, OR2D2, PSCA, MUCL3, RASSF6, GKN1, LGALS9C, ACER2, PSAPL1, RFLNA, SLC9A4, LIPF, H3C13, GKN2, C6orf58, ATP4B, MAGED4B, DAZ1, IL17REL, H3C12, SULT1C2, CAPN8, NPY4R, DAZ4, DAZ2, MUC5AC, PGA3, KRTAP10-11, OMP, GALNT4, ENSG00000258472, ENSG00000259171, NPY4R2, H3-7, H4C13, H3C11, H3C1, H2BC3, H4C4, H4C1, H2AC17, H4C2, PERCC1, SMIM38, ENSG00000285188","VSIG1.8367.142, SLC5A5.12826.5, ANXA10.13605.16, A4GNT.10835.25, CBLIF.17672.184, GHRL.8447.11, TFF2.9191.8, TFF1.9185.15, MST1R.2640.3, GKN1.15374.15, PSAPL1.8814.33, GKN2.6416.8, ATP4B.9994.217, SULT1C2.17811.78, OMP.18240.6, GALNT4.21722.21, H3C1.14146.92"
Glandular and luminal cells,"TMEM101, GABRP, APOL1, PAEP, SCGB1D2, SCGB2A1, PAPSS1, SLC26A7, RCAN1, MSX1, ARL5B, RIMKLB, MMP26, CDKN2AIP, LRATD2, STX18, OR5AU1, KRTAP4-4, HAP1, CLDN22, OLIG3, RIPK4, IDO2, TLE1, KRTAP4-6, C2CD4A, POU5F1, KRTAP4-8, KRTAP4-9, POU5F1B, KRTAP4-7, PABPC4L, DDX52","APOL1.9506.10, PAEP.8867.18, SCGB1D2.6508.68, SCGB2A1.9086.95, PAPSS1.14007.22, SLC26A7.13979.3, RCAN1.13465.5, ARL5B.17404.5, LRATD2.21141.9, STX18.9037.1"
Hepatocytes,"CFH, PON1, ABCB4, FMO3, MGST1, MASP2, MLXIPL, NPC1L1, CPS1, C8B, ABCC2, HSD17B6, C6, CP, ITIH1, F7, DNAJC25, NTHL1, ACSM2B, SPP2, ABCB11, AFM, CPB2, CFHR2, HAL, GCKR, F11, FETUB, APOH, IGFALS, SERPIND1, SLC10A1, MTHFD1, HAO1, F9, DHODH, FGL1, SULT2A1, FGF21, HAMP, HPN, PON3, TFR2, RARRES2, C5, AMBP, PNPO, VTN, UGT2B10, SC5D, PUS3, HPX, APOA5, APOC3, SLCO1B3, ALDH5A1, SLC17A2, ADGRG6, C9, EHHADH, KNG1, HRG, BCHE, HYAL1, STEAP3, GGCX, PROC, CTH, CFHR3, HSD11B1, SERPINC1, TTR, ARG1, FCF1, CPN1, RCL1, ECHDC2, A1BG, PLG, SERPINA7, C4BPA, C4BPB, GNMT, PLGLB2, PROZ, LBP, ANGPTL8, APOC1, CYP2E1, F12, FMO5, NR0B2, CRP, APCS, ANGPTL3, HMGCS2, SAA2, CFHR4, CFHR5, SLCO1B1, SDS, NMT1, BAAT, SLC22A7, TTPA, CYP2C9, CYP2C8, RBP4, AOX1, C1RL, SLC38A4, INHBE, AMDHD1, RDH16, SERPINA10, SLC25A47, CYP1A2, ASGR1, NR1I3, F13B, ALDH1L1, AHSG, CYP4V2, IGFBP1, SLC16A2, EBP, RIPPLY1, A1CF, SAA4, SLC43A1, SLC22A9, MAT1A, THRSP, AKR1C2, ITIH2, TDO2, PANK1, KDM8, UGT2B4, C8A, PFKFB1, APOA2, UROC1, LRRC3, PGLYRP2, ASGR2, ITIH3, CYP4A22, SLC2A2, ALB, RTP3, KLKB1, LEAP2, GPER1, MBL2, CYP2C19, LIPC, NNMT, PLIN1, SERPINF2, CYP7A1, ACOX2, HJV, ATF5, GJB1, MT1B, LRG1, FGG, FGA, FGB, PAH, CYP4F11, TTC36, AGXT, ACOT12, ADH6, PPP1R3B, SAA1, MST1, PC, CA5A, SLC22A1, INHBC, APOF, C8G, CPN2, F2, CYP8B1, DHTKD1, TSKU, ABAT, PLGLB1, ACSM5, OR10J5, PROS1, SLC22A10, METTL7A, CYP4F3, SERPINA11, CYP4A11, AKR1C1, ADH1A, ACADSB, ADH1B, SERPINA1, CYP2B6, CYP2A7, ADH4, AKR1C4, TAT, LPA, F5, CES1, SPRN, CFI, DEFA1, LCAT, GBP7, ANG, KRTAP10-4, GCGR, APOC4-APOC2, ORM2, ORM1, CYP21A2, APOC2, UGT1A1, CFHR1, UGT1A4, CYP2A6, SMLR1, HP, HPR, APOC4, CCL16, ENSG00000284779, ENSG00000286221","CFH.4159.130, PON1.4261.55, FMO3.25288.16, C6.4127.75, CP.17453.34, ITIH1.7955.195, F7.3184.25, AFM.4763.31, CPB2.3518.54, CFHR2.15584.9, GCKR.5223.59, F11.2190.55, FETUB.3367.8, APOH.8288.27, IGFALS.6605.17, SERPIND1.3316.58, MTHFD1.12575.30, HAO1.17768.50, F9.5307.12, DHODH.21346.71, FGL1.5581.28, SULT2A1.9829.91, HAMP.3504.58, TFR2.11537.12, RARRES2.3079.62, C5.2851.63, AMBP.15453.3, PNPO.17804.102, VTN.8280.238, HPX.2768.56, APOA5.15363.32, APOC3.6461.54, ALDH5A1.17792.158, C9.3060.43, KNG1.7784.1, HRG.4996.66, BCHE.8239.223, HYAL1.8309.12, PROC.3758.68, CTH.21599.6, CFHR3.16836.1, HSD11B1.21967.20, SERPINC1.3344.60, ARG1.5867.60, CPN1.7142.5, A1BG.16561.9, PLG.4151.6, SERPINA7.2706.69, C4BPA.9449.150, C4BPB.7155.46, GNMT.14006.36, LBP.3074.6, ANGPTL8.7183.102, APOC1.15364.101, NR0B2.22776.40, CRP.4337.49, APCS.2474.54, ANGPTL3.10391.1, HMGCS2.13704.5, SAA2.18832.65, CFHR4.6471.53, CFHR5.7885.17, NMT1.5196.7, RBP4.7831.39, C1RL.9348.1, RDH16.12881.17, SERPINA10.6583.67, ASGR1.5452.71, F13B.5658.64, AHSG.3581.53, IGFBP1.2771.35, EBP.23271.20, RIPPLY1.9767.22, A1CF.12423.38, SAA4.15516.12, MAT1A.21247.16, AKR1C2.21271.53, ITIH2.9326.33, TDO2.9880.33, PANK1.25277.51, KDM8.24307.22, PFKFB1.22141.59, APOA2.7127.3, LRRC3.6917.49, PGLYRP2.5601.2, ASGR2.9474.22, ITIH3.7145.1, ALB.18380.78, KLKB1.4152.58, LEAP2.5708.1, MBL2.3000.66, CYP2C19.25464.1, NNMT.19376.74, SERPINF2.3024.18, HJV.3332.57, ATF5.23771.17, FGG.4989.7, FGB.18890.227, TTC36.24662.78, AGXT.24646.47, ACOT12.23601.43, ADH6.18206.18, PPP1R3B.12768.3, SAA1.4336.2, MST1.4407.10, PC.13990.1, CA5A.8791.151, INHBC.6408.2, APOF.12370.30, C8G.14708.59, CPN2.6415.90, F2.5316.54, PROS1.2700.56, SERPINA11.9002.36, AKR1C1.12618.50, ADH1A.17396.23, ACADSB.17403.14, ADH1B.9834.62, SERPINA1.3580.25, ADH4.8325.37, AKR1C4.18397.5, TAT.22078.4, F5.4906.35, CES1.7182.1, SPRN.13447.42, CFI.2567.5, DEFA1.9250.87, LCAT.15413.3, ANG.4874.3, APOC2.6350.43, UGT1A1.17702.53, CFHR1.5982.50, HP.7905.30, CCL16.4913.78"
Horizontal cells,"MAPK8IP2, IGSF9B, JPH4, NRXN2, PRDM13, SLC12A7, KCNC1, C1QL1, GJA10, CDH24, IGLON5, BARHL2, GPR161, C1QL2, TAGLN3, CHRNB3, CHRNA6, DRD2, POU4F2, CARTPT, LRTM2, CLEC3A, NAT16, KCNAB3, GPR148, NPAS4, OR2T1, GPR88, OR52E8, MRGPRE, PNMA8B, ONECUT3, TAS2R13, NPIPA8, SCRT2, USP17L2, USP17L7, PNMA6A, TMEM271, NEFL, CIROP, ENSG00000285982, FAM246C","IGSF9B.9060.27, JPH4.9111.40, NRXN2.8876.51, C1QL1.6404.20, IGLON5.6478.2, C1QL2.6423.66, TAGLN3.17775.8, CHRNB3.20547.5, CARTPT.5743.82, LRTM2.8906.60, KCNAB3.23370.39, NEFL.10082.251"
Inhibitory neurons,"GLRA2, PCDH11X, GRIN2D, CNTNAP3, ELAVL2, PIP5K1B, INPP4B, OTOF, TACR1, CNR1, KIAA1217, GAD1, FGF13, TRPC4, TRPC6, SEMA6D, SLC44A5, CDH13, HUNK, NXPH2, THSD7B, DLX1, GRIP2, SLIT2, ECE2, VIP, SDK1, SYTL5, HTR2C, HTR7, VAX1, CNTN5, ABTB3, ZNF385D, SLC35F4, MEPE, RAB3C, LGI2, CNTNAP3B, AFF2, GRIP1, TIAM1, LRP8, GALNT14, SYNPR, ZMAT4, C8orf34, KCNC2, CHRFAM7A, ENTPD3, KCNAB1, ROBO1, ZNF804A, GRIK1, PTPRM, CNTNAP2, GALNTL6, GPR149, PROP1, ERBB4, RXFP3, ADARB2, PRELID2, NHS, COL25A1, VWC2, SHISA6, RELN, KAZN, GRIN3A, SAMD5, PRAMEF20, CPLX3, SIAH3, SP9, TENM3, DEFB131B, PLSCR5, AKAIN1, PTCHD4, OR4N4C, CNTNAP3C","ELAVL2.21173.25, INPP4B.24427.33, GAD1.11280.6, SEMA6D.20530.2, CDH13.21693.14, NXPH2.9511.61, SLIT2.18930.28, VIP.3522.57, HTR7.13547.5, CNTN5.3299.29, MEPE.3209.69, RAB3C.19586.89, TIAM1.14035.13, LRP8.3323.37, GALNT14.21767.129, ENTPD3.4436.1, ROBO1.5740.17, CNTNAP2.6965.19, ERBB4.2618.10, COL25A1.7006.4, VWC2.15308.108, RELN.21713.11, CPLX3.21536.65, TENM3.11107.25"
Intestinal goblet cells,"CLCA1, BEST2, RAB27A, ST6GALNAC1, CCL24, AGR2, LRRC31, TPSG1, SPINK4, CHAD, CREB3L1, TFF3, RETNLB, PRIMPOL, KLK1, TBX10, ATOH1, REP15, KLK15, ZG16, LRRC26, FFAR4, P2RY4, C9orf152, FAM177B, KRTAP4-1, B3GNT6, MUC2, FCGBP, SMIM33","CLCA1.10496.11, RAB27A.9504.19, ST6GALNAC1.7867.154, CCL24.4128.27, AGR2.4959.2, TPSG1.3404.51, SPINK4.19213.1, CHAD.13460.4, CREB3L1.11198.37, TFF3.8323.163, RETNLB.22007.1, ATOH1.22076.34, KLK15.6491.59, ZG16.8219.14, B3GNT6.7082.2, FCGBP.25910.1"
Ionocytes,"CALCA, IL37, IL1F10, IL19, LIPH, CXCL17, LYPD2, CLDN25, ENSG00000288695","IL37.2723.9, IL1F10.17356.34, IL19.3035.80, CXCL17.9495.10"
Lymphatic endothelial cells,"FLT4, ANGPT2, PPFIBP1, ELK3, EFCC1, NRP2, AKAP12, STAB2, CCL21, MMRN1, GRAP, SHC1, MEGF6, LRRC15, OR5A1, ADGRG3, GJD3, GDF3, LRRC70, C20orf204, GJC2, LAYN, CYB5RL, ENSG00000241489, ENSG00000250349, PCDHGB4, ZNF625","FLT4.2358.19, ANGPT2.2602.2, ELK3.5707.55, NRP2.6590.54, STAB2.3399.31, CCL21.2516.57, GRAP.12820.1, SHC1.5272.55, LRRC15.6557.50, GDF3.16755.195, LAYN.2635.61"
Macrophages,"MARCO, IBSP, TRAF1, CD5L, SIGLEC1, CD209, CEBPE, TREM2, CRYBB1, MMP9, CCL22, LILRB5, LIPA, CLEC4A, CD207, F13A1, SIGLEC9, CLEC10A, ADAMDEC1, GPAT3, IGSF6, CREG1, LY96, VSIG4, CD1A, CD1C, CD1B, CD1E, C1QC, S100A12, MNDA, CTSB, DEFA4, DCSTAMP, FOLR2, SPIC, CLEC4D, RNASE2, OR7G2, GPR34, IFNB1, C1QB, C1QA, OR4B1, CD163, FCER1A, CCL13, MCEMP1, INSIG1, FPR3, RAB42, OR4Q2, OR8B8, TRAJ4, IFNA14, HLA-DQB2, AK4P3, TNFSF12-TNFSF13, CLEC5A, ENSG00000269711, CCL18, CCL3L1, SCYGR10","MARCO.9003.99, IBSP.3415.61, TRAF1.17747.45, CD5L.3293.2, SIGLEC1.4464.10, CD209.3029.52, CEBPE.21208.163, TREM2.5635.66, CRYBB1.17751.68, MMP9.2579.17, CCL22.3508.78, LILRB5.7015.8, CLEC4A.8853.2, CD207.3361.26, SIGLEC9.3007.7, CLEC10A.10955.4, ADAMDEC1.9115.78, CREG1.9357.4, VSIG4.17678.28, CD1A.10814.7, CD1B.20541.73, C1QC.14100.63, S100A12.5852.6, MNDA.20076.7, CTSB.8007.19, FOLR2.15587.20, CLEC4D.7752.31, RNASE2.8394.56, IFNB1.7243.8, CD163.5028.59, FCER1A.9254.18, CCL13.4144.13, MCEMP1.6283.60, INSIG1.10663.42, IFNA14.7180.114, CCL18.3044.3, CCL3L1.2783.18"
Melanocytes,"MCOLN3, TYR, DCT, OSTM1, GPR143, TYRP1, CEP72, QPCT, MLANA, HOXC12, DSTYK, IRS4, GPNMB, TRIM48, MAGED4, DCD, EN1, SLC45A2, GNG8, KRT27, ALX1, SOX1, PMEL, SMIM29, MITF, OR7A5, SLC24A5, KRTAP9-6, TDGF1P3, SPDYE21, CNTF, CLEC12B, MC1R, CCER2","DCT.21390.68, OSTM1.19353.25, TYRP1.21441.20, QPCT.7849.3, MLANA.21810.50, GPNMB.8606.39, PMEL.6472.40, MITF.22383.21, CNTF.3489.9"
Mesothelial cells,"PROCR, HAS1, OGN, PRG4, PTGIS, CHAC1, ITLN2, SSTR5, OR10A4, CALB2, LIPM, OR4K13, ITLN1, SERTM1, ZSCAN5C, OR5K1, PCDHAC2, UPK3B, ENSG00000248235, ENSG00000257921, ENSG00000268790, ENSG00000284776, ENSG00000285446, ENSG00000286165","PROCR.24023.35, OGN.17224.12, CHAC1.23293.15, CALB2.16803.4, ITLN1.18830.1, PCDHAC2.9361.7"
Microglial cells,"PRDM11, TBC1D22A, ANKRD44, MEF2A, ALPK1, IPCEF1, APBB1IP, FGF20, ABCB1, R3HDML, SYNDIG1, ATP8B4, CPED1, DOCK8, PALD1, TBX18, HAVCR1, ACVR1, LOXL3, PLXDC2, ABCC4, ART1, AOAH, FOXF2, LHCGR, ENTPD1, ZNF710, LHFPL2, RASGEF1C, USP6NL, ST8SIA6, LRMDA, ADAMTS12, FLI1, KCNK13, ZIC1, ABCA9, TREML1, SLC16A14, ELOVL7, P2RY12, SRGAP2C, BNC2, ZNF366, AMBN, RAB39A, OR3A1, ZNRF2, MAML3, SLC39A10, SFMBT2, ATP10A, LY75-CD302, LINC02218, SMIM35, CLEC19A, MUC22, SRGAP2, CYFIP1, GIMAP1-GIMAP5","APBB1IP.21949.4, FGF20.2763.66, HAVCR1.9021.1, ACVR1.21703.31, LOXL3.15427.35, PLXDC2.11342.59, LHCGR.14634.13, ENTPD1.7999.23, ST8SIA6.6930.95, FLI1.21971.47, TREML1.9329.28, SRGAP2.25091.83"
Mucus glandular cells,"ODAM, DSPP, KLK7, KRT83, MUC7, OR10K2, FDCSP, ALDH1A3, PCDHGC5, OR2A7","KLK7.3378.49, FDCSP.17346.61, ALDH1A3.9835.16, PCDHGC5.7983.1"
Muller glia cells,"SOX8, COL9A2, DKK3, COL23A1, GATB, MT3, SEC14L3, FGF9, METRN, CRYM, NPVF, LHX2, RTN4, CA14, FGFRL1, ABHD12B, CNMD, OR1L4, TUBB2B, MGARP, RLBP1, STAC2, KLHL8, LIX1, PRSS35, RGR, WIF1, HKDC1, CRYAA, FAM171A2, FRZB, LENEP, CLRN1, FABP7, CRABP1, TSC22D4, TTYH1, PGM2, ZPLD1, TRH, MSANTD4, ECEL1, CDC42EP4, RRH, SRY, SLITRK2, DIPK1C, KRT39, KRT40, OR51A4, MINDY4B, HMX1, PRSS56, SCGB1C2, FAM237B","DKK3.3607.71, COL23A1.4543.65, FGF9.19584.33, FGFRL1.6237.11, CNMD.9928.125, RLBP1.12936.38, PRSS35.9983.97, WIF1.2848.2, CRYAA.10087.10, FAM171A2.13479.8, FRZB.2841.13, CRABP1.11967.23, PGM2.18330.7, ZPLD1.5590.11, TRH.5659.11, ECEL1.7076.17, CDC42EP4.23403.64, SRY.25957.5, SLITRK2.21385.5, DIPK1C.14341.8"
NK-cells,"MATK, OSBPL5, SH2D2A, UTS2, TBX21, TXK, CST7, IL2RB, GZMH, SLA2, RNF125, LIM2, NKG7, AKNA, BIN2, GNLY, IL18RAP, CD160, FASLG, CD244, KIR2DL1, ABHD17A, KLRD1, KLRC1, CEMIP2, CHST12, FGFBP2, OR4D1, MYO1F, XCL2, CEP78, KLRF1, ZNF276, SPON2, PRMT2, JAK1, EOMES, PYHIN1, PPBP, SAMD3, KIR3DL1, PTGDR, CTSW, CD7, PRF1, S1PR5, FCRL6, IFNL1, MYBL1, KRT73, CMC1, ZNF600, NCR1, GZMM, SH2D1B, CD247, NCR3, SLFN12L, TRDC, OR2A25, OR2A14, KIR2DS4, KIR3DL2, KIR2DL3, ENSG00000255641, ENSG00000255730, CFAP298-TCP10L, DGKK","MATK.3823.9, UTS2.6020.52, CST7.3302.58, IL2RB.9343.16, GZMH.3373.5, BIN2.21540.73, GNLY.3195.50, IL18RAP.2993.1, CD160.17677.47, FASLG.3052.8, CD244.5063.12, KIR2DL1.17200.50, KLRC1.5629.58, CEMIP2.8992.1, CHST12.6626.81, XCL2.15617.8, KLRF1.7756.37, ZNF276.14692.3, SPON2.8099.42, PRMT2.25454.38, PPBP.4544.4, KIR3DL1.18907.97, CD7.12008.3, FCRL6.6617.12, IFNL1.4396.54, NCR1.8360.169, GZMM.5704.74, SH2D1B.18840.205, CD247.7241.12, NCR3.3003.29, KIR2DS4.17152.10, KIR3DL2.5096.51, KIR2DL3.17153.46"
Oligodendrocyte precursor cells,"KLHL13, MAMLD1, TLL1, COL11A1, TNK2, MPPED2, EPN2, CACNG4, EBF4, SEZ6L, COL20A1, FERMT1, XYLT1, PTPRZ1, ACTR3C, SOX6, ASIC1, UST, COL9A1, SEMA5A, KAT2B, CSPG5, TNR, MROH9, TMEM255A, DACH2, EPB41L4A, PDZD2, CHL1, NAV1, ASCL1, NOVA1, FBN3, GPR17, GALNT13, PDGFC, NLGN4X, CASK, PLPPR1, ZNF462, LCN9, LRRC4C, PCDH15, KLHL1, GRID2, PID1, CA10, MMP16, GDF6, MEGF11, USP24, NTNG1, BRINP3, ARHGAP42, STXBP4, TGM6, GSG1L, STK32A, NLGN1, SEMA3E, CHST11, DSCAM, OR10AD1, SPSB4, LRRN1, GPR139, TMEM132C, OLIG1, HTR3E, SAPCD2, C3orf70, DCC, LUZP2, LHFPL3, RTP5, RUFY4, MYT1, NLGN3, SLC35F1, KCNMB2, SMOC1, PLPP4, OLIG2, IFITM10, COMMD3-BMI1, PCDH20, TMEM272","KLHL13.12463.7, TLL1.6383.90, MPPED2.19153.53, SEZ6L.19563.3, COL20A1.8804.39, SOX6.24929.26, UST.8364.74, COL9A1.6631.17, SEMA5A.13132.14, KAT2B.12368.18, TNR.11302.237, CHL1.8958.51, NOVA1.12557.18, GALNT13.10908.2, PDGFC.3828.54, NLGN4X.5357.60, CASK.16754.40, LRRC4C.9369.174, GRID2.12758.47, PID1.23291.18, CA10.3289.19, MMP16.9719.145, NTNG1.5637.81, STXBP4.24904.121, NLGN1.8052.115, SEMA3E.5363.51, CHST11.7779.86, DSCAM.9175.48, LRRN1.11586.2, TMEM132C.7173.141, OLIG1.25257.162, DCC.21685.29, NLGN3.8941.4, SMOC1.5694.57, PLPP4.13548.53"
Oligodendrocytes,"ANKIB1, SLC25A13, ADIPOR2, MAP4K5, STMN4, PHLDB1, AGPAT4, VRK2, FUT8, GAB2, ZFYVE16, ARAP2, PLEKHH1, CDK17, DIP2B, FGFR2, IFT80, SLC44A1, TESK2, MAP4K4, PDE8A, WNT8B, FRYL, PLD1, DLG1, SYNJ2, CLDND1, PHLPP1, SLCO1A2, NKAIN1, DICER1, KLHL4, FA2H, SEC14L5, USP31, CORO7-PAM16, TJP1, TUBB4A, APLP1, WDR83OS, MAG, STEAP1B, PRUNE2, ABCA2, ABHD17B, ARHGAP21, TBC1D12, ASPA, GAB1, TRIM2, PPM1H, DUSP16, HBS1L, QKI, ERBIN, MAN2A1, FRMD4B, PEX5L, LANCL1, FANCL, NEU2, STRN, DCAF17, PLCL1, DNAJC6, PRAMEF12, CDK18, PTBP2, MOB3B, MND1, SEPTIN7, PLP1, KCNJ2, ATP8A1, MYRF, TMTC4, ATG4C, TRPV5, GNAI1, MOSPD2, TULP4, FCHO1, HSD17B3, PRRG1, WDR44, HAPLN2, NMUR2, PIK3C2B, STARD13, AMPD3, SORT1, TMEM165, AGTPBP1, PRR5L, MAP7, DOCK10, ERMN, ZNF189, ENPP2, TJAP1, CPEB2, ADAM10, TTLL7, ADAMTS14, WDFY2, SLAIN1, MBNL2, TCF12, PCSK6, CRTC3, OSBPL1A, GREB1L, NPC1, TTYH2, POGZ, EXOC6B, PKP4, TMEFF2, NXPE3, CREB5, KDM6A, DOCK5, ST18, FAM13C, FAM124A, CNDP1, PIP4K2A, CCDC122, MGAT5, PTH, SPOCK1, CNTNAP4, C10orf90, PDE1C, PIEZO2, CDK19, C9orf85, ELMO1, SLC24A2, PPP2R2B, NSMCE2, MYO1E, FMNL2, DPYSL5, PTPDC1, SHROOM4, SLC5A11, SIK3, OMA1, SLC22A15, TMEM144, EDIL3, ENPP6, KIF6, ELAPOR2, DLC1, WASHC5, MAGEC3, ENOX2, ABTB2, TCP11L2, JAM3, APBB1, USP54, MAPRE2, CERCAM, PXK, MOBP, SH3TC2, IL1RAPL1, PWWP2A, FAXDC2, SYT9, OR2K2, TPPP, OR1L6, LRRC8D, NHLH1, NINJ2, FRMD5, CARNS1, MAB21L3, CNP, LRRC63, C12orf76, UGT8, PRR18, SLCO3A1, MYO1D, NCKAP5, SAMD12, NT5DC1, TMTC2, TMEM151A, OR9A2, ANKRD18A, ZDHHC20, MAP6D1, GPR62, AATK, FANCB, ZNF708, UNC5C, SPNS2, CTNNA3, ACP7, KCNH8, CNTN2, PCDH9, PDE4B, CHRM5, KLHL32, GLDN, VSTM2B, RNF220, SHTN1, SEMA4D, RTL4, COL4A5, ENO4, IFNA2, JAKMIP3, DPYD, PLET1, TMEM63A, TECPR2, MVB12B, OPALIN, PIGN, FAR1, KIF13B, DNM3, MBP, LPAR1, NCOA6, STK39, SMURF1, COLGALT2, GRM3, AWAT1, TMEM235, MOG, INSYN2B, TMEM88B, SLC48A1, TRIM59, GANC, FNIP1, RAB6C, FTCDNL1, HS3ST5, ARHGAP23, SRCIN1, ACTL10","MAP4K5.21989.12, STMN4.6267.51, FUT8.8244.16, FGFR2.3808.76, TJP1.12001.7, APLP1.7210.25, MAG.20579.50, ASPA.18187.16, GAB1.24268.21, DUSP16.14631.22, QKI.7253.6, LANCL1.13986.6, FANCL.10063.10, MOB3B.21815.7, MYRF.8843.34, ATG4C.25078.13, GNAI1.19271.64, PRRG1.9008.6, SORT1.11300.32, ERMN.23425.19, ENPP2.16892.23, ADAM10.8654.13, MBNL2.24446.65, TCF12.22472.4, CRTC3.25901.3, OSBPL1A.25266.14, CNDP1.7870.8, PIP4K2A.12697.30, MGAT5.21813.171, PTH.5954.62, SPOCK1.5490.53, ELMO1.12764.3, NSMCE2.22517.106, DPYSL5.12683.156, EDIL3.9360.33, ENPP6.15579.26, ELAPOR2.8363.18, ENOX2.13422.66, JAM3.2998.53, APBB1.14206.28, MAPRE2.16856.79, IL1RAPL1.20522.2, FAXDC2.9074.6, SYT9.8066.38, TPPP.23299.52, CNP.6609.22, C12orf76.23228.2, SAMD12.22771.6, NT5DC1.25438.288, MAP6D1.24661.4, UNC5C.5139.32, CTNNA3.25283.2, ACP7.8011.96, CNTN2.3296.92, PCDH9.10558.26, GLDN.20591.48, SEMA4D.5737.61, IFNA2.3497.13, JAKMIP3.9068.17, MVB12B.23320.11, OPALIN.7736.28, SMURF1.11557.3, COLGALT2.7234.12, MOG.15619.49, HS3ST5.10731.10"
Pancreatic endocrine cells,"IL11, KCNK16, BRS3, CCL17, PPY, TGFBI, IAPP, TSPAN2, GAD2, SHISAL2B, SLC30A8, SCG5, NR0B1, KRT81, INS, SPEGNB","IL11.4493.92, CCL17.3519.3, PPY.4588.1, TGFBI.3283.21, IAPP.19639.53, SCG5.15358.28, INS.4883.56"
Paneth cells,"GUCA2B, POLD1, CEACAM8, BEST4, FRMD1, NTN3, CA4, CA7, CEACAM3, GJD4, OTOP3, OTOP2, OR9Q2, EXD3, SULT1A4, LYPD8, SPIB","GUCA2B.6223.5, CEACAM8.18873.8, CA4.3177.49, CA7.3356.50, CEACAM3.8999.19, LYPD8.22561.3"
Plasma cells,"CD38, SLAMF7, TNFRSF17, PRDM1, ERLEC1, SEL1L, DERL3, TM9SF1, PIM2, POU2AF1, GPRC5D, TXNDC15, SRM, PLA2G2D, ZBP1, CPNE5, SPCS3, JCHAIN, FKBP11, DERL1, CD27, FCRL5, ABCB9, TXNDC11, SYVN1, GPR101, HSP90B1, H1-4, NPIPB12, TAS1R3, MZB1, BFSP2, MANEA, FKBP2, CHRM4, SSR4, CRELD2, CCR10, H1-10, NOMO2, IGHV1OR15-9, NUGGC, LIME1, IGKC, IGKJ5, IGKJ4, IGKJ3, IGKJ1, IGKV4-1, IGKV5-2, IGKV6-21, IGKV2D-26, IGKV3D-20, IGKV6D-41, IGKV3D-11, IGKV1D-42, IGLV4-69, IGLV4-60, IGLV6-57, IGLV10-54, IGLV5-52, IGLV1-51, IGLV1-50, IGLV5-48, IGLV1-47, IGLV7-46, IGLV5-45, IGLV1-44, IGLV7-43, IGLV1-40, IGLV5-37, IGLV1-36, IGLV2-33, IGLV3-27, IGLV3-25, IGLV2-23, IGLV3-22, IGLV3-21, IGLV3-19, IGLV2-18, IGLV3-16, IGLV2-14, IGLV2-11, IGLV3-10, IGLV3-9, IGLV4-3, IGLV3-1, IGLJ2, IGLC2, IGLC3, IGLC7, IGHA2, IGHG2, IGHA1, IGHG1, IGHG3, IGHD, IGHM, IGHJ6, IGHJ2, IGHJ1, IGHV6-1, IGHV1-2, IGHV1-3, IGHV2-5, IGHV3-7, IGHV3-11, IGHV3-13, IGHV3-15, IGHV3-16, IGHV1-18, IGHV3-20, IGHV3-21, IGHV3-23, IGHV1-24, IGHV2-26, IGHV4-28, IGHV3-33, IGHV4-34, IGHV3-35, IGHV3-38, IGHV4-39, IGHV1-45, IGHV1-46, IGHV3-48, IGHV3-49, IGHV5-51, IGHV3-53, IGHV1-58, IGHV4-61, IGHV3-66, IGHV1-69, IGHV2-70D, IGHV3-73, MEF2B, IGLV9-49, IGHV3-64, IGKV3D-15, IGHV4-59, IGHV3-74, IGKV6D-21, IGHV3-72, IGKV3D-7, IGKV1OR2-108, IGHV4-31, IGHV3-43, IGKV3OR2-268, TXNDC5, IGKV2D-30, IGKV1D-8, IGKV1-6, IGKV1-37, IGKV3-20, IGKV1D-33, IGHJ4, IGKV1-17, IGKV1-8, IGKV1-16, IGKV1D-16, IGKV2-24, IGKV3-11, IGKV2D-24, IGKV1-9, IGKV1-33, IGKV1-39, IGHJ5, IGKV2D-28, IGKV1D-43, IGKV1D-17, IGHJ3, IGKV3-7, IGKV2-30, IGKV2D-29, IGKV1-12, IGKV1-5, IGKV2-28, IGKV3-15, IGKV1-27, IGKV1D-37, IGKV2D-40, IGKV1D-39, IGLL5, IGHV4OR15-8, IGHV3OR15-7, IGHV3OR16-17, CCPG1, ENSG00000265118, IGHV3OR16-12, IGHV3OR16-9, IGHV1OR15-1, IGHV3-30, IGHV3OR16-8, IGHV3OR16-13, IGKV2-40, H3C8, IGHV2-70, ENSG00000275063, IGKV1D-13, IGHV4-4, IGHV1OR21-1, ENSG00000277836, ENSG00000277856, IGLV2-8, ENSG00000278263, IGKV1D-12, IGHV1-69D, ENSG00000281179, IGHV1-69-2, IGHV7-4-1, IGHV3-64D, IGHV5-10-1, H3C2","CD38.7174.15, SLAMF7.7882.31, TNFRSF17.2665.26, PRDM1.14197.2, ERLEC1.8957.72, PIM2.20081.14, POU2AF1.21839.3, TXNDC15.6366.38, SRM.21647.9, PLA2G2D.16298.84, ZBP1.22831.11, JCHAIN.15306.20, DERL1.13393.46, CD27.5412.53, FCRL5.6103.70, TXNDC11.9573.108, GPR101.11670.18, HSP90B1.6393.63, MZB1.7780.34, MANEA.8014.359, FKBP2.9339.204, H110.12709.63, NOMO2.25121.7, IGHG2.13230.174, IGHG1.2744.57, IGHD.4916.2, IGHM.3069.52, TXNDC5.11212.7, IGKV15.6561.77, CCPG1.8889.5"
Proximal enterocytes,"AOC1, USH1C, SLC13A2, IYD, NR1H4, HEBP1, DPEP1, SLC7A9, CREB3L3, OAT, CYBRD1, SLC15A1, SI, SMIM24, CDHR5, SLC5A1, PCK2, NUCB1, DHDH, FCGRT, CYP3A5, CLDN15, BST1, APOA4, APOBEC1, MEP1A, BTNL8, RBP2, ABHD14A-ACY1, KCNJ13, SLC5A9, STBD1, GDA, XPNPEP2, SLC10A2, GFER, VIL1, MPST, GDPD2, ACE2, FAM98C, RBBP8NL, CCL25, SLX1A, UGT2A3, ALDOB, KHK, ENPEP, MTTP, SLC46A3, SLC39A5, MEP1B, TM4SF5, SLC2A5, DQX1, CPO, FABP2, ADIRF, TKFC, PLCB3, TMPRSS15, CBR1, TONSL, NAGS, FAM151A, TMEM82, SLC25A34, OXER1, ALPI, ATP1A1, PLB1, SLC6A20, SLC51A, CMBL, HNF4G, DEFA5, PRAP1, AMN, MOGAT2, ANPEP, MYO1A, MS4A8, TMEM92, SOAT2, NAALADL1, DEGS2, GSTM4, TM4SF20, MUC17, MUC3A, FABP6, METTL7B, SLC23A1, TMEM37, MS4A10, FADS6, CES2, C11orf86, SLC6A19, NLRP6, ABO, PRSS36, SLC17A8, TMEM150B, ACBD4, SLX1B, TMEM252, ENPP7, TMIGD1, FAM3B, SDR42E2, DGAT1, CA13, AQP12B, TCN2, CIDEC, OR5W2, TMEM220, LRRC66, SULT1A1, SULT1A2, HSD17B11, SLC34A3, SOWAHA, HSD3B2, ERICH4, CYP2D7, CRIP1, CEACAM18, SLC23A3, DNASE1, TM6SF2, IGSF23, TMEM253, C3orf85, ARHGDIG, GSTA1, ENSG00000255432, MGAM, SULT1A3, PNLIPRP2, CEACAM20, C17orf78, ENSG00000285585","AOC1.6209.2, USH1C.17725.37, NR1H4.8946.38, HEBP1.18225.13, DPEP1.8794.13, OAT.20237.38, CYBRD1.24682.35, SMIM24.7108.7, CDHR5.9962.1, PCK2.22405.61, NUCB1.10451.11, FCGRT.21708.149, BST1.4535.50, APOA4.17685.9, MEP1A.21387.64, BTNL8.9026.40, RBP2.19803.34, GDA.12667.2, GFER.15398.2, VIL1.24901.4, MPST.12686.15, ACE2.2805.6, CCL25.2705.5, ALDOB.18185.118, KHK.21856.59, ENPEP.15558.63, FABP2.15385.116, TKFC.23644.19, TMPRSS15.3189.61, CBR1.12381.26, NAGS.11247.20, FAM151A.7856.51, ALPI.17441.4, CMBL.19115.13, DEFA5.6387.61, AMN.4322.28, ANPEP.15457.14, NAALADL1.17505.125, GSTM4.18895.54, FABP6.6450.8, ABO.9253.52, ACBD4.24686.19, ENPP7.4435.66, FAM3B.9177.6, CA13.3420.21, TCN2.5584.21, SULT1A1.21227.18, HSD17B11.17397.8, CRIP1.18275.5, GSTA1.17138.8, SULT1A3.13944.3, PNLIPRP2.6957.14, CEACAM20.10453.7, C17orf78.8545.14"
Proximal tubular cells,"UPP2, SLC6A13, FMO4, SLC13A1, NOX4, HSD17B14, RAB11FIP3, MIOX, MCAT, CCDC198, NKAIN4, HCFC1R1, SLC22A2, CDH6, NPR3, AGXT2, NIT2, AGMAT, CRYZ, TRIM6, KIAA1191, SLC17A3, SLC17A1, NQO2, MT1G, ADM2, BBOX1, AP1M2, SLC34A1, KL, PLAAT4, LAMTOR5, SPX, GGACT, TINAG, BPHL, GIPC2, RGS3, RBP5, CLEC18B, TPGS1, LYPLAL1, NAT8, LYG1, CLTRN, CYP17A1, GLYAT, SLC22A8, ACMSD, CLEC18A, DHRS4, CLEC18C, S100A1, PTH1R, PDZK1IP1, AK4, FCAMR, SUCLG1, BDH2, TMEM174, SLC6A18, SLC7A13, SLC16A9, PTER, WDR72, SLC16A4, UGT2A1, PDZK1, PNPLA1, SLC47A2, HOXC10, C11orf54, SLC36A2, SLC22A12, SLC22A6, MT1F, SUCNR1, STK19, ASPDH, CTXN3, MT1H, GPX3, HOGA1, AMACR, MT1HL1, PRODH2, FIGNL2, FDX2, TRABD2B, SMIM32, ENSG00000275163","UPP2.20231.23, HSD17B14.13972.4, RAB11FIP3.25500.6, MIOX.13498.1, CDH6.3591.51, NIT2.17808.37, CRYZ.13983.27, NQO2.9754.33, ADM2.8100.15, KL.15384.15, PLAAT4.10961.15, BPHL.17813.21, GIPC2.20921.1, RGS3.12827.37, RBP5.19241.31, LYPLAL1.12428.2, LYG1.9243.10, GLYAT.19506.6, DHRS4.21308.44, PTH1R.13470.43, AK4.17432.25, FCAMR.9568.289, BDH2.17329.2, PTER.24179.48, UGT2A1.8907.11, PDZK1.16852.10, GPX3.21796.43, HOGA1.10024.44, FDX2.11231.12"
Rod photoreceptor cells,"ATP6V0A1, CROCC, GLP2R, MYO9A, CNGB1, ZFYVE26, GNB1, CLUL1, EPB41L2, RDH8, MOK, IGSF9, SYDE2, GUCY2F, RP1, EZH1, ZBTB24, GNAT1, GON4L, KDM5B, GNGT1, NRL, SAG, CASZ1, PDE6A, PDE6B, RDH5, MIP, AHI1, OR1J1, SPTBN5, MAP3K12, SCAPER, MBTPS1, ARSG, GLB1L2, TMEM138, ROM1, SPINT4, TMEM237, PPEF2, ZNF326, DISC1, RHO, UNCX, ZMYND19, DENND2B, CATSPER2, LENG8, ZNF283, ANKS3, ARL13B, ELSPBP1, NRTN, OR1N2, PRPF8, YPEL2, GAL3ST3, SYNE3, GVQW3, KCNJ14, OR5P3, OR2V2, OR5P2, OVCH2, DNAH2, KRBA2, PDE6G, KLHL34, GRK1, SAMD11, OR2L5, HRNR, CNGA1, LRIT2, IGFL4, RPEL1, OR52B2, ZNF432, ENSG00000258881, NR2E3, OR1B1, ENSG00000286235, SMIM40","CNGB1.24462.4, CLUL1.21492.19, NRL.22516.30, SAG.25461.3, MBTPS1.7240.2, TMEM237.12856.14, ANKS3.25261.42, LRIT2.11716.28"
Salivary duct cells,"TFCP2L1, NKX2-3, SIX2, GPRC6A, TAS1R2, SLCO1B3-SLCO1B7, ENSG00000261793",TFCP2L1.25104.10
Schwann cells,"CDH19, CPNE3, SAMHD1, CPVL, PHOX2B, C1orf54, GPR31, WDFY4, SCN7A, CXCL9, GAS2L3, GFRA3, LGI4, MPZ, S100B, LRRTM1, ANGPTL7, XCR1, PRIMA1, FOXD3, CLEC9A, L1CAM, COL28A1, EGFL8, TMEFF1, FXYD1, RAB7B","SAMHD1.11303.7, CPVL.8891.7, CXCL9.9188.119, GFRA3.2505.49, MPZ.10615.18, LRRTM1.4452.9, ANGPTL7.6371.50, CLEC9A.20575.82, L1CAM.4246.40, COL28A1.10702.1, TMEFF1.15641.20, RAB7B.12409.90"
Secretory cells,"OVGP1, PRSS33, OBP2A, KCNK15, NXNL2, SOX3, LYPD1, LCN1, SPAG11B, SCGB1D1, CXCL11","OBP2A.6526.77, LYPD1.9327.3, LCN1.11708.2, SPAG11B.5762.35, SCGB1D1.21562.3, CXCL11.3038.9"
Serous glandular cells,"AGFG2, SMR3A, PRR4, PRB2, STATH, HTN1, BPIFA2, CA6, PRH2, IL36A, DNASE2B, PLA2R1, ZG16B, FCGR3B, CAMP, NDRG2, TMED3, LPO, CST5, CST2, SMR3B, RNASE8, AMY1B, PRR27, AMY1C, PRB3, NXPE2, HTN3, PRB4, PRH1, AMY1A, AMY2B, OR5G3, PRB1, ENSG00000267748","AGFG2.23597.11, SMR3A.7838.27, STATH.17172.19, HTN1.10608.9, BPIFA2.5695.5, CA6.3352.80, IL36A.14150.7, DNASE2B.6533.20, PLA2R1.10916.44, ZG16B.8310.6, FCGR3B.3311.27, CAMP.9384.17, NDRG2.24463.1, LPO.4801.13, CST5.3803.10, CST2.4324.33, PRR27.9607.39, HTN3.10603.1, AMY1A.7918.114, AMY2B.15556.49"
Skeletal myocytes,"PAX7, YBX3, CACNB1, PYGM, SPTB, CACNA1S, MYBPC2, POU4F3, TBX15, ASB2, EEF1A2, MYLK2, TNNC2, ATP1B4, KCNA7, TNNT1, SCN1B, MYL10, PITX3, ENO3, CACNG1, MYH1, MYF6, MYF5, FGF6, TNNC1, PRKAG3, AMPD1, MYOT, MYOG, APOBEC2, MYH2, BEST3, MYOD1, CDH15, CACNG6, TNNT3, TNNI2, FBP2, EDA2R, MYH8, MYBPH, FST, KCP, CHRND, ALPK3, BIN1, LBX1, CHRNA1, EGF, FEM1A, SYPL2, CASQ1, SEMA6C, ACTA1, GADL1, DDIT4L, ASB10, ARHGAP36, IDI2, OBSCN, PDLIM3, MAP3K7CL, KLHL40, TRIM63, TNNI1, PCNT, EMC10, IP6K3, ANKRD23, TMOD4, IGFN1, PHKG1, CA3, OTUD1, RAPSN, MSS51, RRAD, CORO6, PPDPFL, MYL1, GDNF, CALML6, VGLL2, SLN, TCAP, DES, UCP3, KLHL38, TRIM72, NHLH2, YIPF7, MYOZ1, TMEM52, MYL11, CAV3, PPP1R27, MAFA, NEB, FHL3, PGPEP1L, SRPK3, MYADML2, KLHL33, STAC3, SMYD4, FOXD4L3, SMTNL2, DUSP29, MYBPC1, RYR1, ATP2A1, CHRNG, OR14J1, PCDHGA1, SMTNL1, TIGD1, PGAM4, KLHL41, STRIT1, C4orf54, ACTN3, PCDHGB6, PCDHGA5, PCDHGA7, PCDHGA6, PCDHGA8, PCDHGA10, PCDHGA11, PCDHGA9, PCDHGA4, MYH4, ENSG00000267561, PRR33, ENSG00000286224","MYBPC2.25096.58, ATP1B4.9933.49, PITX3.22387.26, ENO3.16616.137, FGF6.4130.71, APOBEC2.24647.3, CDH15.5410.53, TNNT3.16807.35, TNNI2.5440.26, FBP2.9867.23, EDA2R.3083.71, MYBPH.25065.22, FST.4132.27, BIN1.9574.11, EGF.5509.7, CASQ1.11263.57, SEMA6C.7202.107, ARHGAP36.6289.78, IDI2.17832.12, PDLIM3.22527.4, KLHL40.24256.7, EMC10.24664.3, TMOD4.23530.3, CA3.3799.11, RRAD.23555.11, GDNF.5822.22, TCAP.22800.24, DES.12030.82, TRIM72.24320.3, TMEM52.11186.12, CAV3.8690.25, PPP1R27.23589.21, MYBPC1.7648.9, PCDHGA1.6457.50, PGAM4.19799.2, KLHL41.23660.112, PCDHGA10.6321.65"
Smooth muscle cells,"HGF, NRIP2, MCAM, CCL8, RERGL, TNN, RASL11A, HAPLN1, TAGLN, AVPR1A, CCL19, C1QTNF1, FAM162B, C11orf96, SLC18A3, GPR21, EGFL6, SAPCD1, STIMATE-MUSTN1, ENSG00000279983","HGF.2681.23, MCAM.20512.2, CCL8.2785.15, HAPLN1.3196.6, TAGLN.9756.6, CCL19.4922.13, C1QTNF1.6304.8, FAM162B.11163.7, EGFL6.17454.15"
Squamous epithelial cells,"KRT33A, PGLYRP3, DEFB104B, SEPTIN5, ENSG00000198211, KLK9, UGT1A7, EFNA4-EFNA3, ENSG00000255439, ANXA8L1, ENSG00000268870, RNF225, ENSG00000272772, SSU72P5, SSU72P2, SCYGR2, ENSG00000285625, TMEM217B","PGLYRP3.10561.5, SEPTIN5.19742.3, KLK9.5758.49"
Suprabasal keratinocytes,"PKP1, RAB10, SULT2B1, TGM1, DSP, CASP14, CNFN, ALOX12, PPL, CSTA, GJB6, LYPD3, TGM3, FAM83C, SLURP1, SPINK5, DSG1, DSC1, IL1RN, GLTP, RHCG, FLG2, CRNN, S100A8, FLG, ABCA12, SPINK7, ANKRD22, TMPRSS11D, RAET1L, PLA2G4D, LCE2B, CSTB, NLRX1, DMKN, KRT84, LCE3D, IVL, SPRR3, S100A9, TMEM79, RAET1E, GJB2, SERPINA12, A2ML1, LY6D, KRT1, ACER1, SPRR1B, SPRR1A, CRCT1, TMEM154, KRT78, SDR9C7, KRT6C, KRT4, KRT13, MAL, LCE1D, PRSS27, KRT2, RHOD, KCNK7, JUP, DEFB103B, CTNNBIP1, DYNAP, LGALS7B, ALOX12B, KRT76, KRT6B, TMPRSS11B, LCE3E, LCE1E, KRT10, KRT3, KLK12, VSIG10L, LCE1A, KRTAP6-2, LCE2C, LCE2D, FAM25A, IGFL1, CLEC2A, NCCRP1, KRTDAP, IGFL3, S100A16, SBSN, RNF222, SF3B3, KRT77, THEM5, LCE1B, LCE1C, CYSRT1, SERPINB13, AADACL2, KRTAP13-1, C1orf68, LORICRIN, KPRP, LY6G6C, MUC21, SPINK9, KRT6A, RPTN, LCE6A, LCE1F, VSIG8, FAM25C, SPRR5, LCE7A","SULT2B1.17209.27, TGM1.11242.33, CASP14.16617.14, LYPD3.13107.9, TGM3.4471.50, SPINK5.8028.22, DSG1.2976.58, DSC1.10882.12, IL1RN.5353.89, GLTP.12513.8, CRNN.17738.7, S100A8.25216.8, SPINK7.10974.20, TMPRSS11D.6547.83, RAET1L.20526.3, CSTB.19768.13, DMKN.8535.102, S100A9.7812.11, SERPINA12.6551.94, A2ML1.15482.12, LY6D.19784.16, KRT1.9931.20, TMEM154.11223.1, PRSS27.3624.3, RHOD.12442.4, JUP.23007.8, CTNNBIP1.21600.10, TMPRSS11B.10895.28, KLK12.3199.54, VSIG10L.24011.27, CLEC2A.10953.14, KRTDAP.5739.75, IGFL3.6961.14, S100A16.17836.17, SBSN.5724.58, CYSRT1.25220.8, SERPINB13.18841.1, LY6G6C.6256.9, SPINK9.8042.88, KRT6A.22486.58, VSIG8.20557.19"
T-cells,"CD6, FOXP3, TCF7, FLT3LG, NCR2, APOBEC3H, CD40LG, IL2, CD5, IL26, IFNG, IL17A, IL17F, IL4, CD2, BCL11B, IL22, GPR55, GPR174, CD8A, UBASH3A, CD3G, TRAT1, CTLA4, ICOS, CD3D, IL7R, CD8B, CCR9, GPR171, CD28, CCR8, PMCH, CCR4, TAS2R60, PDCD1, ASTL, KRTAP4-3, CD3E, TRGV11, TRGV10, TRGV8, TRGV5, TRGV4, TRGV3, TRGV1, TRBV6-1, TRBV4-1, TRBV6-4, TRBV5-3, TRBV10-1, TRBV11-1, TRBV6-5, TRBV6-6, TRBV5-5, TRBV5-1, TRBV4-2, TRBV19, TRBV20-1, TRBV23-1, TRBV24-1, TRBV27, TRBV28, TRBJ2-1, TRBJ2-2, TRBJ2-3, TRBJ2-5, TRBJ2-7, TRBC2, TRAV2, TRAV3, TRAV4, TRAV5, TRAV6, TRAV8-1, TRAV12-1, TRAV8-2, TRAV8-3, TRAV13-1, TRAV12-2, TRAV8-4, TRAV13-2, TRAV14DV4, TRAV9-2, TRAV12-3, TRAV16, TRAV17, TRAV18, TRAV19, TRAV20, TRAV21, TRAV22, TRAV23DV6, TRDV1, TRAV24, TRAV25, TRAV26-1, TRAV27, TRAV29DV5, TRAV26-2, TRAV34, TRAV36DV7, TRAV38-1, TRAV39, TRAV40, TRAV41, TRDV2, TRAJ43, TRAJ42, TRAJ39, TRAJ34, KRTAP16-1, TRBV10-2, TRBV29-1, TRGV2, TRBV30, TRBV7-7, TRBV7-4, TRAV1-1, TRAV1-2, TRDV3, TRAV30, PPIAL4H, TRBV12-3, TRBV12-5, TRBV14, TRBV10-3, TRBV13, TRBV18, TRBV11-3, TRBV15, TRBV12-4, TRAC, TRBV7-9, TRAJ37, TRBJ1-5, TRBJ1-1, TRBJ1-2, TRBV25-1, TRBV7-2, TRBV6-2","CD6.20519.7, FOXP3.22148.135, FLT3LG.3053.49, NCR2.2734.49, CD40LG.3534.14, IL2.3070.1, CD5.5596.75, IL26.16760.2, IFNG.2989.17, IL17A.9170.24, IL17F.2775.54, IL4.2906.55, CD2.7100.31, IL22.2778.10, CD8A.5992.50, UBASH3A.21529.6, CD3G.7924.7, TRAT1.7224.11, CTLA4.3022.4, IL7R.5089.11, CD8B.9310.2, CD28.20521.83, PDCD1.9227.15, ASTL.7993.23, CD3E.8069.85"
dendritic cells,"GNA15, SLC12A3, N4BP2, SEPHS1, PHEX, SMPD3, SLC7A5, CORO1C, TENT4A, NR3C1, BCL11A, FYTTD1, MIF4GD, SLC35E1, EGLN3, IRF4, SLC15A4, N4BP2L1, KRT71, IRF8, RUBCN, BCL2L11, ST3GAL2, MAPKAPK2, PLD4, ANKRD11, IRF2BP2, ABHD15, GPR183, PTCRA, OR5A2, MOB1B, P2RY14, HNRNPCL1, FUT7, CLN8, IL3RA, IRF7, NUDT17, CXCR3, LILRB4, TTC24, TLR7, ENTPD7, CLEC4C, OR5B21, LILRA4, NPIPB5, SMIM3, ENSG00000288684","SEPHS1.14083.25, PHEX.18921.30, NR3C1.2857.70, BCL11A.24486.1, EGLN3.20986.58, IRF4.9857.38, KRT71.22483.109, IRF8.22065.32, BCL2L11.17451.13, ST3GAL2.6281.51, MAPKAPK2.3820.68, MOB1B.19177.7, FUT7.21716.29, IL3RA.13744.37, LILRB4.6453.70, CLEC4C.9094.5, LILRA4.8299.66, SMIM3.23578.6"
granulocytes,"ALOX5, TNFRSF9, GALC, NOX3, CMA1, TPSD1, GRAP2, CTSG, SIGLEC8, VWA5A, CD69, OR12D3, IL1RL1, IL18R1, LAX1, BTN2A2, RGS13, ARHGEF6, LGALS12, HRH4, HDC, ADCYAP1, TMEM44, ARHGAP18, MS4A2, BATF, KIT, LMNA, HPGDS, CPA3, SLC18A2, LEO1, GCSAML, TPSAB1, GATA2, MRGPRX2, CSF1, SOCS1, ATP6V0A2, TPSB2, COL13A1, MAS1L, KRTAP12-3, CRLF2, LTC4S, MS4A4E, ENSG00000225528, RAB44, RHEX, OR8D2","ALOX5.25880.14, TNFRSF9.2598.9, CMA1.3423.59, GRAP2.5265.12, CTSG.2431.17, SIGLEC8.7864.3, CD69.16618.7, IL1RL1.4234.8, IL18R1.3446.7, BTN2A2.22586.24, RGS13.22548.18, ADCYAP1.8450.36, BATF.19227.18, KIT.2475.1, HPGDS.12549.33, TPSAB1.9409.11, CSF1.3738.54, TPSB2.3403.1, COL13A1.6570.1, CRLF2.2746.56, RHEX.8102.239"
monocytes,"FGR, ZFX, PLAUR, WAS, SLC11A1, TNFRSF1B, LCP2, RRP12, RELT, KCNAB2, ATP1B3, PAG1, STXBP2, SMAP2, FCN1, PILRA, SH3BP2, ARHGAP4, IRAK3, PABPC4, NLRC4, CMTM6, WAC, PPM1F, RIN3, TLR8, RP2, TNFSF13B, ACOD1, COTL1, MEFV, RIPK2, NBN, LILRB1, LILRA1, NAMPT, POLR1F, MTPN, LFNG, ZFAND5, DNMBP, HECA, CD86, IL1A, CYTIP, PLEK, AMPD2, RNF19B, CD48, DUSP1, ELF1, CD80, CCRL2, ACOT9, PKN1, G0S2, TREM1, LRRFIP1, EREG, IL1B, FFAR2, ADGRE2, FGL2, APOBEC3A, MIS18BP1, LILRB2, ADGRE3, RARA, CHSY1, GCH1, MBD2, CD101, C5AR2, AKIRIN2, STX11, GNS, MYO1G, SKIL, TOR1B, TLR4, RNF144B, TLR2, THBS1, ACTR2, CH25H, RASGEF1B, JDP2, WARS1, BCL2A1, ITGAX, SECTM1, SIGLEC10, MOB3C, NFKBIZ, PNRC1, C9orf72, SIDT2, RGS18, RILPL2, NOCT, IPMK, VENTX, ADAM17, CYSLTR2, RASSF3, CHD1, SAMSN1, SLC2A6, HK3, LAPTM5, ZNF281, NLRP3, CTSS, RNF149, PTX3, SAP30, STARD4, MAPK7, CLEC4E, MS4A7, SNX20, TET2, CXCL10, LIMS1, CSGALNACT2, SERPINB9, FPR2, FPR1, CLEC7A, CLEC12A, SP3, MYD88, GRK2, ADGRE1, LRRC25, SLC35E3, OR2B11, SNX18, KCNE1, FRAT2, CHST15, PTGDR2, GPR132, MX2, YTHDF3, ZNF267, IRS2, CD300LF, CD300E, FCAR, NAP1L1, LILRA5, TREML4, C5AR1, SPN, SLC9A8, CYRIA, GK, LIPN, MAFB, LST1, LILRB3, TBC1D8, CNEP1R1, C19orf38, BTBD19, ENSG00000235007, LILRA2, PTX4, LYN, CHMP1B, RASSF5, CD300H","FGR.3810.50, PLAUR.2652.15, WAS.22033.7, TNFRSF1B.8368.102, RELT.5115.31, KCNAB2.10015.119, ATP1B3.8990.42, FCN1.3613.62, PILRA.8825.4, SH3BP2.7769.29, PABPC4.12603.87, PPM1F.23923.26, RP2.23391.20, TNFSF13B.3059.50, COTL1.4905.63, RIPK2.8993.151, LILRB1.5090.49, LILRA1.21706.29, NAMPT.5011.11, ZFAND5.18317.111, CD86.6232.54, IL1A.4851.25, CYTIP.13612.7, PLEK.7875.86, AMPD2.18403.25, CD48.3292.75, CD80.2603.61, PKN1.12562.1, G0S2.8931.124, TREM1.9266.1, EREG.4956.2, IL1B.3037.62, ADGRE2.4546.27, FGL2.19635.69, LILRB2.5633.65, GCH1.11185.145, AKIRIN2.23280.9, GNS.8314.71, SKIL.14670.1, TLR4.11101.18, TLR2.3835.11, THBS1.3474.19, JDP2.21311.22, WARS1.9870.17, BCL2A1.3413.50, SECTM1.13093.6, RGS18.13982.33, RILPL2.24655.23, ADAM17.8959.61, SAMSN1.21196.29, HK3.19518.12, CTSS.3181.50, RNF149.9773.15, PTX3.6447.73, SAP30.12888.18, CXCL10.4141.79, CSGALNACT2.10772.21, SERPINB9.21221.67, CLEC7A.3603.60, CLEC12A.11187.11, GRK2.3347.9, LRRC25.9987.30, CHST15.4469.78, CD300LF.5623.11, CD300E.8287.17, FCAR.4987.17, NAP1L1.13636.20, LILRA5.8766.29, SPN.12873.11, CYRIA.23523.14, LIPN.8097.77, LST1.9531.24, LILRB3.15615.8, CNEP1R1.13532.25, LILRA2.15614.168, LYN.3453.87, CHMP1B.18207.6, RASSF5.23406.3"